<?xml version="1.0" encoding="UTF-8"?>
<project-private xmlns="http://www.netbeans.org/ns/project-private/1">
    <editor-bookmarks xmlns="http://www.netbeans.org/ns/editor-bookmarks/2" lastBookmarkId="0"/>
    <open-files xmlns="http://www.netbeans.org/ns/projectui-open-files/2">
        <group>
            <file>file:/C:/Users/Seth/Documents/NetBeansProjects/CIS2430%20A2/src/user/Attempt.java</file>
            <file>file:/C:/Users/Seth/Documents/NetBeansProjects/CIS2430%20A2/src/univ/DBDetails.java</file>
            <file>file:/C:/Users/Seth/Documents/NetBeansProjects/CIS2430%20A2/src/user/Student.java</file>
            <file>file:/C:/Users/Seth/Documents/NetBeansProjects/CIS2430%20A2/src/univ/DBStudent.java</file>
            <file>file:/C:/Users/Seth/Documents/NetBeansProjects/CIS2430%20A2/src/univ/MyConnection.java</file>
            <file>file:/C:/Users/Seth/Documents/NetBeansProjects/CIS2430%20A2/src/univ/Course.java</file>
            <file>file:/C:/Users/Seth/Documents/NetBeansProjects/CIS2430%20A2/src/univ/Degree.java</file>
            <file>file:/C:/Users/Seth/Documents/NetBeansProjects/CIS2430%20A2/src/user/Semester.java</file>
            <file>file:/C:/Users/Seth/Documents/NetBeansProjects/CIS2430%20A2/src/univ/Credits.java</file>
            <file>file:/C:/Users/Seth/Documents/NetBeansProjects/CIS2430%20A2/src/univ/Administrator.java</file>
            <file>file:/C:/Users/Seth/Documents/NetBeansProjects/CIS2430%20A2/src/univ/TestClass.java</file>
            <file>file:/C:/Users/Seth/Documents/NetBeansProjects/CIS2430%20A2/src/univ/GeneralDegree.java</file>
            <file>file:/C:/Users/Seth/Documents/NetBeansProjects/CIS2430%20A2/src/univ/CourseCatalog.java</file>
            <file>file:/C:/Users/Seth/Documents/NetBeansProjects/CIS2430%20A2/src/Planner.java</file>
            <file>file:/C:/Users/Seth/Documents/NetBeansProjects/CIS2430%20A2/src/univ/HonoursDegree.java</file>
            <file>file:/C:/Users/Seth/Documents/NetBeansProjects/CIS2430%20A2/src/univ/DBCourseCatalog.java</file>
        </group>
    </open-files>
</project-private>
